,INVENTORY LIST,,,,,,,,,,,,,,,,,,,,
,TOTAL INVENTORY VALUE:,$0.00 ,INVENTORY ITEMS:,INVENTORY ITEMS:,83,BIN COUNT:,,1,,,,,,,,,,,,,
,SKU,DESCRIPTION,BIN #,LOCATION,UNIT,QTY,REORDER QTY,COST,INVENTORY VALUE,REORDER,,,,,,,,,,,
,24003,LCS shroud assy,,Row 1,Each,5,1,,$0.00 ,,,,,,,,,,,,
,24007,LCS jet sub-assy,,Row 1,Each,7,1,,$0.00 ,,,,,,,,,,,,
,24000,LCS Base Plate,,Row 1,Each,12,1,,$0.00 ,,,,,,,,,,,,
,99123,eBox for LIFT5 and LIFTX (H),,Row 2,Each,8,3,,$0.00 ,,,,,,,,,,,,
,99118,eBox for Lift3,,Row 2,Each,1,0,,$0.00 ,,,,,,,,,,,,
,102278,OCHO MAST LCS SUBASSEMBLY,,Row 2,Each,7,3,,$0.00 ,,,,,,,,,,,,
,34000,"28"" Std Propulsion - Carbon",,Row 3-0,Each,4,2,,$0.00 ,,,,,,,,,,,,
,340506,"32"" Carbon LCS folding High Mount Propulsion for LIFTX",,Row 3-1,Each,3,1,,$0.00 ,,,,,,,,,,,,
,340507,"33"" Carbon LCS Folding High SuperMount Propulsion for LIFTX",,Row 3-1,Each,3,1,,$0.00 ,,,,,,,,,,,,
,340505,"32"" Carbon LCS Folding Propulsion for LIFTX",,Row 3-1,Each,1,1,,$0.00 ,Reorder,,,,,,,,,,,
,REFURB-340500,"28"" Aluminum Jet Propulsion for LIFT5F",,Row 3-1,Each,1,,,$0.00 ,,,,,,,,,,,,
,52004,Blowfish 4'4,,Row 3-2,Each,2,0,,$0.00 ,,,,,,,,,,,,
,52000,Blowfish 4'9,,Row 3-2,Each,1,0,,$0.00 ,,,,,,,,,,,,
,440000,LIFTX Battery Adapter,,Row 3-2,Each,4,0,,$0.00 ,,,,,,,,,,,,
,31122,Battery Charger Assembly for Lift4,,Row 3-2,Each,4,1,,$0.00 ,,,,,,,,,,,,
,102545,Lift Charger L5/LX,,Row 3-2,Each,3,1,,$0.00 ,,,,,,,,,,,,
,21107,AC Cord - Euro,,Row 3-2,Each,35,3,,$0.00 ,,,,,,,,,,,,
,430003,LiftX Light Battery,,Row 3-2,Each,5,1,,$0.00 ,,,,,,,,,,,,
,430002,LiftX Battery,,Row 3-2,Each,2,1,,$0.00 ,,,,,,,,,,,,
,33065,130 Florence X - Front Wing,,Row 4-0,Each,15,1,,$0.00 ,,,,,,,,,,,,
,33055,110 Florence X - Fron Wing,,Row 4-0,Each,15,1,,$0.00 ,,,,,,,,,,,,
,440001,Lift Foil Stand,,Row 4-1,Each,3,,,$0.00 ,,,,,,,,,,,,
,440001,Lift Foil Stand,,Cabana,Each,2,,,$0.00 ,,,,,,,,,,,,
,11000,Aluminum battery case - Gen4 batteries,,Row 4-1,Each,14,,,$0.00 ,,,,,,,,,,,,
,32150,Gen4 Full Range battery pack,,Row 5-0,Each,5,0,,$0.00 ,,,,,,,,,,,,
,430000,Gen5 Full Range battery pack,,Row 5-0,Each,0,,,$0.00 ,Reorder,,,,,,,,,,,
,840003,Battery backpack for Gen5,,Row 5-1,Each,8,0,,$0.00 ,,,,,,,,,,,,
,840004,Battery backpack for LiftX,,Row 5-1,Each,3,0,,$0.00 ,,,,,,,,,,,,
,999511,LIFT5 5'4 Sun Kissed,,Board wall,Each,1,,,$0.00 ,,,,,,,,,,,,
,999511,LIFT5 5'4 Sun Kissed,,Cabana,Each,1,,,$0.00 ,,,,,,,,,,,,
,999530,LIFT5 5'2 Laird Carbon Hex Black,,Board wall,Each,1,,,$0.00 ,,,,,,,,,,,,
,999534,LIFTX 4'7 Florence Red,,Cabana,Each,1,,,$0.00 ,,,,,,,,,,,,
,999516,LIFTX 4'3 Off-White,,Cabana,Each,1,,,$0.00 ,,,,,,,,,,,,
,999520,LIFTX 4'8 Spark Blue,,Board wall,Each,1,,,$0.00 ,,,,,,,,,,,,
,999535,LIFTX 4'7 Florence Off-White,,Board wall,Each,1,,,$0.00 ,,,,,,,,,,,,
,33063,148 Havoc - Front Wing,,Wing wall,Each,2,0,,$0.00 ,,,,,,,,,,,,
,33071,91 Florence X - Front Wing,,Wing wall,Each,2,0,,$0.00 ,,,,,,,,,,,,
,33070,71 Florence X - Front Wing,,Wing wall,Each,2,0,,$0.00 ,,,,,,,,,,,,
,16120,"M60 carbon - Surf Strut - 28""",,Wing wall,Each,2,,,$0.00 ,,,,,,,,,,,,
,16121,"M60 carbon - Surf Strut - 30""",,Wing wall,Each,1,,,$0.00 ,,,,,,,,,,,,
,16118,"M40 carbon - Surf Strut - 32""",,Wing wall,Each,1,,,$0.00 ,,,,,,,,,,,,
,16117,"28"" Surf cover V26",,Row 5-2,Each,12,,,$0.00 ,,,,,,,,,,,,
,unknown,"28"" classic mast",,Wing wall,Each,1,,,$0.00 ,,,,,,,,,,,,
,80180,26 Carve Ext Back Wing - Kit,,Wing wall,Each,4,1,,$0.00 ,,,,,,,,,,,,
,33029,26 Carve - Back Wing,,Wing wall,Each,1,1,,$0.00 ,Reorder,,,,,,,,,,,
,33073,20 Florence X - Back Wing,,Wing wall,Each,3,1,,$0.00 ,,,,,,,,,,,,
,33057,26 Flow - Back Wing M30,,Wing wall,Each,1,1,,$0.00 ,Reorder,,,,,,,,,,,
,101884,270 CAMBER PRO LCS RIPCORD,,Wing wall,Each,1,,,$0.00 ,,,,,,,,,,,,
,33032,270 Camber Pro - Front wing ,,Wing wall,Each,1,,,$0.00 ,,,,,,,,,,,,
,801401,210 CAMBER PRO LCS RIPCORD,,Wing wall,Each,5,,,$0.00 ,,,,,,,,,,,,
,33031,210 Camber Pro - Fron Wing,,Wing wall,Each,2,,,$0.00 ,,,,,,,,,,,,
,33030,160 Camber Pro,,Wing wall,Each,1,,,$0.00 ,,,,,,,,,,,,
,80143,220 High Aspect X front wing,,Wing wall,Each,1,,,$0.00 ,,,,,,,,,,,,
,80144,180 High Aspect X front wing,,Wing wall,Each,1,,,$0.00 ,,,,,,,,,,,,
,33042,120 High Aspect X - Front wing M39,,Wing wall,Each,1,,,$0.00 ,,,,,,,,,,,,
,80120,90 High Aspect X front wing,,Wing wall,Each,1,,,$0.00 ,,,,,,,,,,,,
,80128,70 High aspect X front wing,,Wing wall,Each,1,,,$0.00 ,,,,,,,,,,,,
,80043,300 Surf V2 front wing,,Wing wall,Each,1,,,$0.00 ,,,,,,,,,,,,
,80040,150 Surf V2 front wing,,Wing wall,Each,4,,,$0.00 ,,,,,,,,,,,,
,33060,92 Havoc - Front Wing,,Wing wall,Each,1,,,$0.00 ,,,,,,,,,,,,
,33068,74 Havoc - Fron Wing,,Wing wall,Each,4,,,$0.00 ,,,,,,,,,,,,
,33051,62 Kaikea - Front Wing M30,,Wing wall,Each,3,,,$0.00 ,,,,,,,,,,,,
,33036,36 Glide - Back Wing,,Wing wall,Each,5,,,$0.00 ,,,,,,,,,,,,
,33016,32 Glide - Back Wing,,Wing wall,Each,2,,,$0.00 ,,,,,,,,,,,,
,80044,48 Surf V2 - Back Wing,,Wing wall,Each,1,,,$0.00 ,,,,,,,,,,,,
,33044,20 Carve - Back Wing M30,,Wing wall,Each,2,,,$0.00 ,,,,,,,,,,,,
,80179,20 Carve Ext - back wing kit,,Wing wall,Each,4,,,$0.00 ,,,,,,,,,,,,
,33053,21 Flow - Back Wing M30,,Wing wall,Each,11,,,$0.00 ,,,,,,,,,,,,
,80014,Elite hand controller,,Row 1,Each,7,,,$0.00 ,,,,,,,,,,,,
,80019,Lift hand controller,,Row 1,Each,3,,,$0.00 ,,,,,,,,,,,,
,80015,Stf hand controller V2,,Row 1,Each,1,,,$0.00 ,,,,,,,,,,,,
,999525,Lift5 4'4 red rock,,,Each,1,,,$0.00 ,,,,,,,,,,,,
,999421,Lift4 5'4 Emerald Mist metallic Satin,,,Each,1,,,$0.00 ,,,,,,,,,,,,
,999418,Lift4 5'4 Carbon black satin,,,Each,1,,,$0.00 ,,,,,,,,,,,,
,,PYZEL wingboard (5'9?),,,,,,,$0.00 ,Reorder,,,,,,,,,,,
,,"SUP 82"" 115L",,,,1,,,$0.00 ,,,,,,,,,,,,
,101953,motor isolator ring 68,,Row 1,Each,20,,,$0.00 ,,,,,,,,,,,,
,101957,motor isolator ring 55,,Row 1,Each,10,,,$0.00 ,,,,,,,,,,,,
,80178,150 Grubb - Front Wing Kit,,Wing wall,Each,2,,,$0.00 ,,,,,,,,,,,,
,80174,90 Vario Front Wing - kit,,Wing wall,Each,1,,,$0.00 ,,,,,,,,,,,,
,80175,120 Vario Front Wing - kit,,Wing wall,Each,1,,,$0.00 ,,,,,,,,,,,,
,801405,150 Vario LCS Front Wing,,Wing wall,Each,1,,,$0.00 ,,,,,,,,,,,,
,340503,"32"" Carbon LCS Jet Propulsion for Lift5",,Row 3-1,Each,1,,,$0.00 ,,,,,,,,,,,,
,,,,,,,,,$0.00 ,Reorder,,,,,,,,,,,
,,,,,,,,,$0.00 ,Reorder,,,,,,,,,,,
,,,,,,,,,$0.00 ,Reorder,,,,,,,,,,,
,,,,,,,,,$0.00 ,Reorder,,,,,,,,,,,
,,,,,,,,,$0.00 ,Reorder,,,,,,,,,,,
,,,,,,,,,$0.00 ,Reorder,,,,,,,,,,,
,,,,,,,,,$0.00 ,Reorder,,,,,,,,,,,
,,,,,,,,,$0.00 ,Reorder,,,,,,,,,,,
,,,,,,,,,$0.00 ,Reorder,,,,,,,,,,,
,,,,,,,,,$0.00 ,Reorder,,,,,,,,,,,
,,,,,,,,,$0.00 ,Reorder,,,,,,,,,,,
,,,,,,,,,$0.00 ,Reorder,,,,,,,,,,,
,,,,,,,,,$0.00 ,Reorder,,,,,,,,,,,
,,,,,,,,,$0.00 ,Reorder,,,,,,,,,,,
,,,,,,,,,$0.00 ,Reorder,,,,,,,,,,,
,,,,,,,,,$0.00 ,Reorder,,,,,,,,,,,
,,,,,,,,,$0.00 ,Reorder,,,,,,,,,,,
,,,,,,,,,$0.00 ,Reorder,,,,,,,,,,,
,,,,,,,,,$0.00 ,Reorder,,,,,,,,,,,
,,,,,,,,,$0.00 ,Reorder,,,,,,,,,,,
,,,,,,,,,$0.00 ,Reorder,,,,,,,,,,,
,,,,,,,,,$0.00 ,Reorder,,,,,,,,,,,
,,,,,,,,,$0.00 ,Reorder,,,,,,,,,,,
,,,,,,,,,$0.00 ,Reorder,,,,,,,,,,,
,,,,,,,,,$0.00 ,Reorder,,,,,,,,,,,
,,,,,,,,,$0.00 ,Reorder,,,,,,,,,,,
,,,,,,,,,$0.00 ,Reorder,,,,,,,,,,,
,,,,,,,,,$0.00 ,Reorder,,,,,,,,,,,
,,,,,,,,,$0.00 ,Reorder,,,,,,,,,,,
,,,,,,,,,$0.00 ,Reorder,,,,,,,,,,,
,,,,,,,,,$0.00 ,Reorder,,,,,,,,,,,
,,,,,,,,,$0.00 ,Reorder,,,,,,,,,,,
,,,,,,,,,$0.00 ,Reorder,,,,,,,,,,,
,,,,,,,,,$0.00 ,Reorder,,,,,,,,,,,
,,,,,,,,,$0.00 ,Reorder,,,,,,,,,,,
,,,,,,,,,$0.00 ,Reorder,,,,,,,,,,,
,,,,,,,,,$0.00 ,Reorder,,,,,,,,,,,
,,,,,,,,,$0.00 ,Reorder,,,,,,,,,,,
,,,,,,,,,$0.00 ,Reorder,,,,,,,,,,,
,,,,,,,,,$0.00 ,Reorder,,,,,,,,,,,
,,,,,,,,,$0.00 ,Reorder,,,,,,,,,,,
,,,,,,,,,$0.00 ,Reorder,,,,,,,,,,,
,,,,,,,,,$0.00 ,Reorder,,,,,,,,,,,
,,,,,,,,,$0.00 ,Reorder,,,,,,,,,,,
,,,,,,,,,$0.00 ,Reorder,,,,,,,,,,,
,,,,,,,,,$0.00 ,Reorder,,,,,,,,,,,
,,,,,,,,,$0.00 ,Reorder,,,,,,,,,,,
,,,,,,,,,$0.00 ,Reorder,,,,,,,,,,,
,,,,,,,,,$0.00 ,Reorder,,,,,,,,,,,
,,,,,,,,,$0.00 ,Reorder,,,,,,,,,,,
,,,,,,,,,$0.00 ,Reorder,,,,,,,,,,,
,,,,,,,,,$0.00 ,Reorder,,,,,,,,,,,
,,,,,,,,,$0.00 ,Reorder,,,,,,,,,,,
,,,,,,,,,$0.00 ,Reorder,,,,,,,,,,,
,,,,,,,,,$0.00 ,Reorder,,,,,,,,,,,
,,,,,,,,,$0.00 ,Reorder,,,,,,,,,,,
,,,,,,,,,$0.00 ,Reorder,,,,,,,,,,,
,,,,,,,,,$0.00 ,Reorder,,,,,,,,,,,
,,,,,,,,,$0.00 ,Reorder,,,,,,,,,,,
,,,,,,,,,$0.00 ,Reorder,,,,,,,,,,,
,,,,,,,,,$0.00 ,Reorder,,,,,,,,,,,
,,,,,,,,,$0.00 ,Reorder,,,,,,,,,,,
,,,,,,,,,$0.00 ,Reorder,,,,,,,,,,,
,,,,,,,,,$0.00 ,Reorder,,,,,,,,,,,
,,,,,,,,,$0.00 ,Reorder,,,,,,,,,,,
,,,,,,,,,$0.00 ,Reorder,,,,,,,,,,,
,,,,,,,,,$0.00 ,Reorder,,,,,,,,,,,
,,,,,,,,,$0.00 ,Reorder,,,,,,,,,,,
,,,,,,,,,$0.00 ,Reorder,,,,,,,,,,,
,,,,,,,,,$0.00 ,Reorder,,,,,,,,,,,
,,,,,,,,,$0.00 ,Reorder,,,,,,,,,,,
,,,,,,,,,$0.00 ,Reorder,,,,,,,,,,,
,,,,,,,,,$0.00 ,Reorder,,,,,,,,,,,
,,,,,,,,,$0.00 ,Reorder,,,,,,,,,,,
,,,,,,,,,$0.00 ,Reorder,,,,,,,,,,,
,,,,,,,,,$0.00 ,Reorder,,,,,,,,,,,
,,,,,,,,,$0.00 ,Reorder,,,,,,,,,,,
,,,,,,,,,$0.00 ,Reorder,,,,,,,,,,,
,,,,,,,,,$0.00 ,Reorder,,,,,,,,,,,
,,,,,,,,,$0.00 ,Reorder,,,,,,,,,,,
,,,,,,,,,$0.00 ,Reorder,,,,,,,,,,,
,,,,,,,,,$0.00 ,Reorder,,,,,,,,,,,
,,,,,,,,,$0.00 ,Reorder,,,,,,,,,,,
,,,,,,,,,$0.00 ,Reorder,,,,,,,,,,,
,,,,,,,,,$0.00 ,Reorder,,,,,,,,,,,
,,,,,,,,,$0.00 ,Reorder,,,,,,,,,,,
,,,,,,,,,$0.00 ,Reorder,,,,,,,,,,,
,,,,,,,,,$0.00 ,Reorder,,,,,,,,,,,
,,,,,,,,,$0.00 ,Reorder,,,,,,,,,,,
,,,,,,,,,$0.00 ,Reorder,,,,,,,,,,,
,,,,,,,,,$0.00 ,Reorder,,,,,,,,,,,
,,,,,,,,,,,,,,,,,,,,,
,,,,,,,,,,,,,,,,,,,,,
,,,,,,,,,,,,,,,,,,,,,
,,,,,,,,,,,,,,,,,,,,,
,,,,,,,,,,,,,,,,,,,,,
,,,,,,,,,,,,,,,,,,,,,
,,,,,,,,,,,,,,,,,,,,,
,,,,,,,,,,,,,,,,,,,,,
,,,,,,,,,,,,,,,,,,,,,
,,,,,,,,,,,,,,,,,,,,,
,,,,,,,,,,,,,,,,,,,,,
,,,,,,,,,,,,,,,,,,,,,
,,,,,,,,,,,,,,,,,,,,,
,,,,,,,,,,,,,,,,,,,,,
,,,,,,,,,,,,,,,,,,,,,
,,,,,,,,,,,,,,,,,,,,,
,,,,,,,,,,,,,,,,,,,,,
,,,,,,,,,,,,,,,,,,,,,
,,,,,,,,,,,,,,,,,,,,,
,,,,,,,,,,,,,,,,,,,,,
,,,,,,,,,,,,,,,,,,,,,
